gene,importance
FAM83A,0.089328356
EPCAM,0.049719367
SFTPB,0.04786215
KRT7,0.0454069
CYB5A,0.036982737
WFDC2,0.024001576
C9orf24,0.018502312
MEG3,0.018219262
KRT19,0.016237045
CHI3L1,0.015452272
CYP4B1,0.012703127
TMC5,0.011883101
CEACAM6,0.011556116
S100P,0.011199849
S100A14,0.009985879
AGR2,0.0090475725
PTPN13,0.0089174835
SFTA2,0.0087523
ELF3,0.008523299
KRT8,0.008447312
MUC1,0.007005848
LY6D,0.006965048
MS4A4A,0.0067971232
HPGD,0.0065734675
TFPI2,0.006241882
CLDN4,0.006100294
KRT18,0.0058908314
CLDN2,0.005822381
MT-ATP8,0.0056461985
CAPS,0.0053778193
AQP5,0.005211045
FXYD3,0.0052094324
TAC3,0.0049754293
CDKN2A,0.0046229768
PRAME,0.0042779637
AGER,0.0040333816
ZFAS1,0.003991472
SFTPC,0.003747529
KRT6A,0.0036430017
ETS1,0.0035616427
IGKC,0.0034661812
CLDN6,0.003334848
AK1,0.0030928769
ADGRL4,0.002949245
ITGA4,0.0028286206
TPPP3,0.0028167719
GGTLC1,0.00279846
COL1A2,0.002715791
AZGP1,0.002696121
LDLRAD1,0.0026080883
PLAT,0.0025754913
NNMT,0.002553343
SNCG,0.002521297
SCGB1A1,0.002495461
MNDA,0.0023847222
LPAR6,0.002341823
CPM,0.0022667728
MDFI,0.0022517059
NTS,0.0022363204
GIMAP4,0.0022088678
AREG,0.0021884674
CRABP1,0.002087258
C20orf85,0.0020703017
VIM,0.0020601847
ITGA1,0.0020524056
GJA1,0.0020288022
AGR3,0.0018884712
SCGB2A1,0.0018701116
SFTPA1,0.0018590924
SAA2,0.001841752
GPX3,0.0018224019
PDLIM3,0.001816387
ADIRF,0.0018127788
NAPSA,0.0018060603
ITLN2,0.0017753708
TM4SF4,0.0017704986
IGSF6,0.0017667015
NKX2-1,0.0017267863
DSP,0.0017253931
CEACAM5,0.0017252737
XIST,0.0017206469
C1orf194,0.0017038005
ZDHHC3,0.0017021887
EEF1A1,0.001676246
ADAM28,0.0016688439
CYBB,0.0016632238
FAM183A,0.0016609776
IGLC7,0.0016452934
HIST1H2AE,0.0016449394
CXCL14,0.0016366288
IRX3,0.0016335906
RAMP2,0.0016180655
FABP5,0.0015916596
SPARC,0.0015910292
HIST1H2AC,0.0015663379
MS4A8,0.0015628795
BTG1,0.0015242614
SFN,0.0015014941
S100A4,0.0014954312
CNRIP1,0.0014842803
SFTA1P,0.0014723834
GKN2,0.001462186
TSHZ2,0.0014504937
GAPDH,0.0014495228
TFPI,0.0014277475
UPK2,0.0014138087
GZMA,0.0013858846
STMND1,0.001385388
GIMAP7,0.001370871
IFI6,0.0013331916
HCK,0.0013221325
CD74,0.0013131356
KRT23,0.00131208
RTKN2,0.0013032833
SPARCL1,0.0013021838
RP1,0.0012948123
S100A6,0.0012868377
GNG11,0.0012861537
RSPH1,0.0012813826
NRN1,0.0012561509
TNNC2,0.0012498966
KRT17,0.0012360499
SAMSN1,0.0012303243
CCL18,0.0012262034
LTF,0.0012187952
APOC1,0.001208042
CD36,0.0011999089
SFTA3,0.0011914584
HP,0.0011851764
PMAIP1,0.0011582342
CD24,0.001153608
SCGB3A1,0.0011526674
IGHA2,0.0011272121
FABP4,0.0011187063
COL4A1,0.0011171376
CAV1,0.0011162534
CDA,0.0011141247
RSAD2,0.0011091641
COL6A2,0.0011075839
MIR100HG,0.0011037175
TUBA4B,0.0010929367
CCL5,0.0010772008
C11orf88,0.0010720285
IGLC2,0.0010619096
SFTPA2,0.001061856
SEMA3B,0.0010606395
SLPI,0.0010601104
MALAT1,0.0010478543
CLDN1,0.0010471327
IGHA1,0.0010461261
SLC40A1,0.0010433217
KLK11,0.0010388636
LUM,0.0010361295
SLC34A2,0.0010354383
IFIH1,0.0010352763
NEK5,0.001031024
POSTN,0.001023774
CD14,0.0010177946
MGP,0.001017783
TCF4,0.001011835
CD163,0.0010000431
COL3A1,0.0009960248
PGC,0.0009959224
AQP1,0.0009912598
C19orf33,0.0009905747
GADD45A,0.0009891089
HBB,0.000986952
CLIC5,0.0009842643
MDK,0.0009805413
AGTR2,0.0009691806
ID1,0.00095561007
IGHG4,0.0009546587
MTUS1,0.00094550685
ROCK2,0.0009385137
WIF1,0.0009384591
NPNT,0.0009103149
MMP7,0.00090391864
CCDC88A,0.00090175634
CD3E,0.000900614
CCDC78,0.0008748652
IFITM3,0.0008704049
MZB1,0.00085604447
DCN,0.0008510024
CES1,0.0008467061
HSD17B6,0.00083968
ASS1,0.00083633343
STMN1,0.00083406304
IFI27,0.0008316162
HMGB2,0.0008258501
EMP2,0.0008256978
PTTG1,0.0008250925
TRBC2,0.0008199389
BANK1,0.00081675866
HIST1H1C,0.00081185874
PLEKHH2,0.00081045314
MS4A15,0.0008095195
GPX2,0.00080325356
CXCL17,0.000802741
IGFBP7,0.00079582544
SOX4,0.00079057255
AC008268.1,0.000784435
ERRFI1,0.0007842912
HIST1H2BF,0.0007834324
SAA1,0.0007828479
RNASE6,0.00077859266
TACSTD2,0.0007771124
EHF,0.0007723756
MALL,0.00077091786
CTSE,0.0007660933
HLA-DRB5,0.00076523
LMO7,0.0007585715
SLC16A7,0.0007582617
LRRIQ1,0.0007538638
A2M,0.00074981444
CLDN7,0.0007308191
NMU,0.0007300244
CCDC186,0.0007270054
ALDH1A1,0.00072048674
GZMM,0.0007163333
SPP1,0.0007129595
PSCA,0.0007090197
IFI30,0.00070823357
FOLR1,0.00070277933
ZBBX,0.0007006568
CCND2,0.00070009864
KDM6B,0.00069381105
EBAG9,0.00069204485
LGALS4,0.00069014647
VCAN,0.00068978354
BCL2A1,0.00068919786
CCNE2,0.00068813283
S100A2,0.0006875877
CD69,0.0006872061
CD93,0.0006825778
NOL8,0.0006770592
CFP,0.00067670614
SNTN,0.0006743528
PTPRF,0.0006703932
FGL2,0.0006689289
COL12A1,0.000668678
PHF20L1,0.00066691445
MGST1,0.00066619104
FAM129A,0.00066324143
EREG,0.0006576218
LRRK2,0.0006575945
HMOX1,0.00065204554
RETN,0.00064794486
MS4A6A,0.0006420519
LIF,0.0006396871
LTBP2,0.0006375047
SMCHD1,0.00063716166
TPSAB1,0.000635977
CEP295,0.00063500466
LCN2,0.0006334164
EDNRB,0.00062866864
NPDC1,0.0006259029
COL17A1,0.0006224206
C1R,0.00061891245
FBN1,0.00061566615
CPE,0.00061111955
SLC39A8,0.00061073474
THAP2,0.0006105912
TNFSF10,0.0006054624
MARCO,0.0006033675
GNG2,0.0006027212
GOLGB1,0.00059886655
EPSTI1,0.0005976122
NOP58,0.0005958282
MAL2,0.0005952592
COL6A1,0.00059447315
PLAC8,0.0005927451
TIMP1,0.0005916632
SEMA5A,0.0005902367
PLVAP,0.0005889223
CP,0.0005876096
CFAP43,0.0005849092
ALOX15,0.00058111455
ANKRD26,0.00057727186
CD27,0.0005759919
SFTPD,0.0005752857
GSTA1,0.0005750563
IFT57,0.0005740913
IGLC3,0.0005733668
CMC1,0.0005676757
TGFBR3,0.0005676329
IGFBP5,0.0005656311
KRT15,0.0005632148
FTL,0.00056310504
DUSP2,0.0005617718
TTN,0.0005616261
TMEM45A,0.0005496527
ITK,0.00054957095
LIFR,0.00054684206
HLA-DRA,0.0005459868
FAM13C,0.0005438025
LAMP3,0.0005427453
RNF145,0.000540949
CCND1,0.00054034224
CEP290,0.00054030924
FN1,0.0005354222
ATAD2,0.00053427595
ADD3,0.0005325734
PIFO,0.0005297678
CCDC17,0.0005288627
JCHAIN,0.00052830233
DMBT1,0.000527087
IFI44L,0.0005250827
IGHG3,0.0005243816
GPRC5A,0.0005238123
ABCA1,0.00052371004
SPINK5,0.0005233962
TAOK1,0.00052198005
HIST1H4C,0.0005198876
ITGA3,0.00051783945
COL6A3,0.00051515334
CFAP157,0.000514978
C16orf89,0.0005144313
SLC11A1,0.0005141989
S100A8,0.000511415
TPSB2,0.0005105335
C15orf48,0.000509634
IGHG1,0.0005082834
LYZ,0.00050596095
IGHM,0.000505184
CLU,0.0005047146
CX3CL1,0.00050449657
ITPR2,0.00050368445
TNNC1,0.0005031403
CLDN18,0.0005019024
CCL4L2,0.0005009871
TNC,0.000499893
ERBB3,0.0004993606
BCAT1,0.0004952714
KLRB1,0.0004941666
EFCAB1,0.0004938133
ENAH,0.0004932568
LXN,0.0004913607
C4BPA,0.0004910777
RARRES1,0.0004890302
VEGFA,0.00048774597
TBC1D15,0.00048751966
COL1A1,0.0004864962
CALD1,0.0004853507
CNN3,0.00048443847
CREM,0.0004838883
ABI3,0.00048376917
LAMC2,0.00048367635
HERC5,0.00048229654
OMG,0.00048221828
GBP4,0.00047820003
PRSS23,0.00047707593
HLA-DRB1,0.00047224193
PCSK1N,0.00047202696
LTB,0.00047063723
THOC2,0.00046975014
PHACTR2,0.00046863186
SELENBP1,0.0004681696
CXCL8,0.0004633315
FTH1,0.00046311464
AKNA,0.00046151702
VEPH1,0.0004539224
SPINT2,0.0004517964
GLO1,0.00045043064
DRC3,0.00045019784
DUSP6,0.00044757465
ADAMTS9,0.00044745332
TPM1,0.00044696688
SDC3,0.00044647194
CA12,0.00044490778
HSPH1,0.00044225884
AQP4,0.00044147976
ALCAM,0.00044128016
S100A16,0.00043883245
CPA3,0.00043723354
PERP,0.000437004
HEBP2,0.00043676584
AEBP1,0.00043555407
INSR,0.00043548862
EFNB2,0.0004285182
RIIAD1,0.00042694205
HLA-DQA1,0.00042630624
SPEF2,0.00042568776
APOA1,0.0004245039
BGN,0.0004186891
PIGR,0.00041821875
NOTCH3,0.00041630224
KITLG,0.00041460202
CXCL1,0.00041402897
CTHRC1,0.00041382888
MYL9,0.0004125274
ADGRF1,0.00041204476
MT-ND4L,0.0004092134
CDC42SE1,0.00040914837
MIAT,0.00040851347
ID3,0.00040822284
LST1,0.00040734233
HBA2,0.0004066383
CD79A,0.00040576808
DNAAF1,0.00040422886
C9orf84,0.00040249524
LAIR2,0.00040111094
CFAP126,0.00039795463
STEAP4,0.00039695788
CCL4,0.00039494733
TXNDC17,0.00039119515
ZMYND10,0.00039007966
PLAUR,0.0003897862
ADGRF5,0.00038884112
GADD45G,0.00038829993
COBLL1,0.0003873543
PIK3R1,0.0003866189
DDIT3,0.00038643123
CTSV,0.0003852397
HMGB3,0.00038064778
KIAA1551,0.00038030458
MAGI3,0.0003800548
FGG,0.00037998467
CRABP2,0.00037960493
ARHGAP29,0.00037379554
PLS3,0.00037206686
STXBP2,0.00037140504
CFAP52,0.00037001178
SDC1,0.0003691767
LRRC36,0.00036858526
TCEA3,0.0003671002
CD3G,0.00036682203
PPIF,0.00036672756
ZG16B,0.00036574897
SPDL1,0.0003655686
CD86,0.00036330763
RGS5,0.00036312535
CD177,0.0003627528
IFIT1,0.00036200671
CYR61,0.00036077434
MCEMP1,0.0003607676
LPCAT1,0.00035954575
SCGB3A2,0.00035813195
IGFBP6,0.00035779495
NKG7,0.0003564335
SELL,0.0003561955
CCDC173,0.00035571333
PHLDA2,0.00035450576
NUPR1,0.00035382897
LAMB3,0.00035338296
SYNE1,0.00034930152
STC1,0.00034459215
RAMP1,0.00034429703
ZNF638,0.00034294912
CADM1,0.0003424082
B3GNT7,0.0003409772
ABCA3,0.00033941164
MBIP,0.00033896463
SLC2A1,0.0003384392
BCAM,0.00033755307
MYO6,0.0003374749
DERL3,0.00033740842
GEM,0.00033729634
CSF1R,0.00033634543
CD34,0.00033377396
GPR183,0.00033368083
DST,0.00033180678
LTC4S,0.00033117397
SMIM22,0.00033099414
LAMB1,0.0003298938
BASP1,0.00032937323
C1QC,0.0003285438
RGS16,0.00032840885
UTRN,0.00032689286
ANKRD36C,0.0003263767
FBXO32,0.00032527948
IGFBP2,0.00032485032
TRIP11,0.0003248423
LIPH,0.00032411554
INSIG1,0.00032268028
CNOT2,0.00032225344
SERPINF1,0.00032194416
TRGC2,0.00032116758
SOCS3,0.0003205936
S100A9,0.00032001833
PECAM1,0.00031851392
NRGN,0.00031766584
TSPAN1,0.00031582115
CLDN3,0.00031509512
PCM1,0.0003135698
ATP1B1,0.0003131004
CAMK2N1,0.00031212525
PASK,0.00031194976
CCL2,0.0003119381
GPNMB,0.0003115787
ZFC3H1,0.00031061887
FLRT3,0.00030973446
BMP4,0.0003094848
PLTP,0.00030402915
USP8,0.00030361692
CXCL2,0.00030294372
MFGE8,0.00030052365
RAI14,0.0002981884
NECAB1,0.0002977032
CFTR,0.00029767706
LIMCH1,0.000296921
GNLY,0.00029672027
FCGR2A,0.0002961964
SDC2,0.0002959674
MGLL,0.00029556095
SBSPON,0.00029264888
TIMP3,0.00029260808
SLA,0.00028940622
APOBEC3C,0.00028931152
ABHD17A,0.00028874632
IGFBP3,0.0002884362
CYP1B1,0.0002872333
MYC,0.00028626094
CFD,0.00028620992
KLF5,0.0002858238
TSPAN8,0.00028464195
MCAM,0.00028388618
CYGB,0.00028315416
FKBP11,0.00028309922
TM4SF1,0.0002827616
THBD,0.00028231702
MS4A7,0.00028215544
PRDM1,0.00028138395
NELL2,0.00027956598
PDE4D,0.0002794019
SERPING1,0.00027883594
CD247,0.00027803055
SERPINH1,0.00027538987
AKAP12,0.0002748279
CST6,0.0002737712
ARHGEF26,0.00027055107
AKAP5,0.00026651646
CTGF,0.0002660334
SLAMF7,0.00026548858
ANKRD28,0.0002647424
PON2,0.0002644239
APOE,0.00026334
CETN2,0.00026285052
RND3,0.00026201413
DHCR24,0.00026140508
PLA2G1B,0.00026123927
LAPTM4B,0.00026091383
GK5,0.0002607112
PHKG1,0.00026040486
SLFN5,0.0002597126
KCNQ1OT1,0.00025951167
TREM1,0.0002595055
CTSB,0.00025902246
SMC4,0.00025845162
PIK3IP1,0.0002577548
HLA-DQA2,0.0002558686
HYAL2,0.00025581894
SGK1,0.00025532645
DPP4,0.0002543357
IFITM1,0.00025421902
SPON2,0.00025421253
CAV2,0.0002537009
C3,0.0002521834
EGR3,0.00025129833
PDZK1IP1,0.00024998654
CXCL3,0.0002494039
HES1,0.00024777243
BAZ2B,0.00024679524
COL4A2,0.0002439908
TSC22D1,0.00024259785
PMP22,0.00024201203
DAB2,0.00024168931
ANXA3,0.00024067456
IL1B,0.00023949906
C1S,0.00023893487
SMARCA5,0.00023774192
RASD1,0.00023763714
CD83,0.00023708591
PRKCH,0.00023680601
NDRG1,0.00023676644
FCGBP,0.00023608864
TGM2,0.00023509795
KRT16,0.00023189971
MAF,0.0002313035
GBP1,0.00023087052
IFI16,0.00023038156
MARCKS,0.00023008355
SLC9A3R2,0.00022992695
FSCN1,0.00022838927
CKS2,0.00022829183
COL4A3,0.0002273561
PDK4,0.0002271719
RNASE1,0.00022608168
PRX,0.00022594196
PGAP1,0.00022511146
KIF20B,0.00022413899
IL1RN,0.00022386695
AQP3,0.0002237555
TSPAN13,0.00022301899
RND1,0.00022151368
RGS2,0.0002215086
ZRANB2,0.00022035418
EPAS1,0.00021998207
TPM2,0.00021824134
CRISPLD2,0.00021784513
SLC38A1,0.00021768012
ABLIM1,0.00021712059
BPGM,0.00021640326
VWA5A,0.00021594157
ASPH,0.00021587384
GDF15,0.0002155836
MARCKSL1,0.00021487306
TYMS,0.00021416892
FPR1,0.0002137065
EIF5A,0.00021279725
UACA,0.00021133809
ANKRD29,0.00021057582
C11orf96,0.00021044712
NDNF,0.00021040149
ITM2A,0.00020934638
SLC6A14,0.0002073959
FAM46C,0.00020709341
EFEMP1,0.00020667218
IGFBP4,0.0002045846
SDC4,0.00020348956
CD55,0.00020303552
TOB1,0.00020284414
NUB1,0.00020145343
LAX1,0.00020016833
ADGRG1,0.00019999925
C5orf42,0.00019986204
MAFB,0.00019939372
CTSL,0.00019905971
ERLEC1,0.00019831223
KLK10,0.00019732116
FHL1,0.00019707407
DNMT1,0.00019705783
WFDC3,0.00019518068
ERICH3,0.00019249794
HIST1H2BG,0.0001915442
FSTL1,0.00019019838
CTSH,0.00018980162
ADAMTS4,0.00018949634
MAGEH1,0.00018940713
MYOM2,0.00018930742
RAB3IP,0.00018846367
C1orf21,0.00018549373
TACC2,0.00018504894
CEP78,0.00018425572
ODF3B,0.00018391991
SOD2,0.00018385472
SP110,0.00018215184
MT1E,0.00018193823
LMO4,0.00018137199
ZBTB16,0.00018052664
MT-ND6,0.00017821527
SCD,0.00017782327
PGM2L1,0.00017700039
MT2A,0.00017646943
TMEM176B,0.00017489452
ITGA6,0.00017422692
IL2RB,0.00017283439
NAMPT,0.00017253979
XAF1,0.00017238394
FABP6,0.00017232158
BATF,0.000172019
FAM229B,0.00017106262
SOCS7,0.00017063579
EMP1,0.0001698973
ADRB2,0.00016948835
SLK,0.00016818324
DIAPH2,0.00016661755
CWF19L2,0.00016299602
FILIP1,0.0001616085
EGFL7,0.00016098005
BDP1,0.00016093157
PTTG1IP,0.0001604114
LTBP4,0.00016039501
HES4,0.00015933372
F3,0.00015914338
CD82,0.00015744679
MT1X,0.00015739084
RARRES2,0.00015719193
EGFL6,0.00015689051
NCOA7,0.0001565497
MAP3K19,0.00015617702
ENG,0.00015539984
IFIT3,0.00015511671
CD40LG,0.00015479702
ATF3,0.00015259495
FAM184A,0.0001520652
BOD1L1,0.00014949508
PMEPA1,0.0001492069
FSTL3,0.00014896567
SUSD2,0.00014879015
RDX,0.00014875131
PBXIP1,0.00014671491
CEP350,0.0001441887
FOSL2,0.00014393874
IER3,0.00014370341
CD2AP,0.00014344286
NFIX,0.0001414815
CCL3,0.00014135678
TUBA4A,0.00014079903
EGR1,0.00013820668
TFF3,0.00013790495
TNFSF13B,0.00013716852
NFIB,0.00013696298
APP,0.00013693511
LPL,0.00013658352
IL7R,0.00013654615
B4GALT1,0.00013545451
FBLN1,0.00013541592
CHI3L2,0.0001342891
MAFF,0.00013272859
PARP14,0.00013216451
BPIFB1,0.00013181762
HSPA1B,0.00013175636
RRAD,0.00013149821
PIM1,0.00013108783
ITSN1,0.00013102288
ALG13,0.00012963366
RASSF4,0.00012940509
KIAA0408,0.00012938489
TMEM2,0.00012912767
CKAP2,0.00012866672
C2orf40,0.00012800374
CRIP2,0.00012708388
HELLS,0.00012634357
CKB,0.00012469757
SYNGR1,0.00012432363
MORN2,0.00012299622
PLCG2,0.00012264331
RRBP1,0.00012235947
MECOM,0.00012146605
CNTRL,0.00011919052
ID4,0.00011746483
EFNA1,0.00011470891
ISG15,0.00011395302
RNF19A,0.00011286412
FBP1,0.00011245427
SPRR1B,0.000109276
SPTBN1,0.0001088047
GZMB,0.00010673494
VMO1,0.0001062219
CLIC3,0.00010571495
SERPINB9,0.00010489082
LIPA,0.000104758175
STAT4,0.00010381717
GPR65,0.00010344037
ORM1,0.00010238028
MX1,0.000102101185
SCEL,0.00010179514
NREP,0.00010163254
BAZ1B,0.00010054268
ALDH2,9.999437e-05
ZNF331,9.984311e-05
NMB,9.8239056e-05
FOXC1,9.727816e-05
PIM2,9.720776e-05
WDR74,9.615814e-05
NIPBL,9.5543626e-05
HSPG2,9.4383526e-05
PTPRE,9.408048e-05
MACROD2,9.357714e-05
HBEGF,9.338291e-05
LDLRAD4,9.283783e-05
KCTD12,9.229491e-05
HSPA1A,9.199186e-05
MX2,9.088647e-05
PLPP3,9.0291775e-05
MSLN,8.878647e-05
LGMN,8.735171e-05
DMD,8.681657e-05
BTG3,8.6526634e-05
PLK2,8.596279e-05
CSRP1,8.5322245e-05
ITM2C,8.506216e-05
RSPH9,8.381567e-05
ANKRD36,8.1476435e-05
TNFRSF12A,8.1263424e-05
WARS,8.121055e-05
SLC7A5,8.101986e-05
GSN,7.924191e-05
TAGLN,7.881654e-05
ICAM2,7.763965e-05
PLIN2,7.726209e-05
HYDIN,7.702419e-05
RNPC3,7.639624e-05
ATAD5,7.5568445e-05
CXCL13,7.288936e-05
GAS6,7.263199e-05
TBC1D4,7.25331e-05
TSPAN12,7.234587e-05
KLF4,7.224994e-05
VPS37B,7.054599e-05
VPS13C,6.8986796e-05
TWISTNB,6.701249e-05
SEPT1,6.698545e-05
G0S2,6.62995e-05
FADS2,6.531954e-05
C5orf49,6.380939e-05
GCHFR,6.2212035e-05
CNOT6L,6.207793e-05
PEG10,6.1829494e-05
SOCS2,6.1817605e-05
MERTK,6.051248e-05
PITX1,6.0049817e-05
PIBF1,5.8334663e-05
NR2F2,5.6362886e-05
HOMER2,5.5691133e-05
SAXO2,5.4321285e-05
ESAM,5.366164e-05
MORN5,5.3301574e-05
FGFBP2,5.326434e-05
TNFSF14,5.1961048e-05
MT1F,4.9680886e-05
THBS1,4.8065827e-05
PTGS2,4.7394926e-05
MACF1,4.6185956e-05
VWA1,4.5514455e-05
ADAMTS1,4.5221648e-05
TMEM176A,4.4177108e-05
PKIB,4.3797725e-05
PHACTR1,4.3183416e-05
KLRD1,4.2575834e-05
DIP2A,4.211914e-05
MEF2C,4.1105974e-05
AIM2,4.0610048e-05
EDN1,4.0344486e-05
HTRA1,3.7328078e-05
MRC1,3.724654e-05
NINJ1,3.7200287e-05
AKR1C1,3.6718182e-05
PAK1,3.6543417e-05
PRKX,3.6308233e-05
BRCA2,3.294438e-05
NFKBID,3.2239004e-05
ADAP2,3.0935487e-05
PTPRS,3.0926836e-05
RBP1,3.0067018e-05
MSR1,3.0061472e-05
ENO2,2.616399e-05
CHST12,2.1412021e-05
RGS18,1.8841652e-05
PLAU,1.733065e-05
CD8A,1.5843323e-05
PEBP4,1.3439064e-05
CFH,1.3432985e-05
SAMD9,1.3047655e-05
HSPA6,7.050815e-06
CD6,7.0373353e-06
RHOBTB3,4.640293e-06
CFAP53,4.1976477e-06
LPGAT1,3.611121e-06
LAG3,1.8522413e-06
MEF2A,1.2892073e-06
NR4A3,6.823566e-07
ROPN1L,0.0
RPH3A,0.0
FCER2,0.0
GATA3,0.0
C1orf54,0.0
C4orf17,0.0
C5orf46,0.0
RGS13,0.0
ENC1,0.0
C5AR1,0.0
RGS4,0.0
C5,0.0
RN7SL832P,0.0
ROBO4,0.0
RNASE2,0.0
C2CD4B,0.0
C22orf15,0.0
RNF125,0.0
C1orf56,0.0
ROBO2,0.0
C2orf80,0.0
S1PR5,0.0
RRM2,0.0
BCHE,0.0
SCUBE1,0.0
BMP5,0.0
BIRC5,0.0
BEX1,0.0
FBLN2,0.0
SDK2,0.0
SDS,0.0
SELE,0.0
BCL11B,0.0
SELP,0.0
BCL11A,0.0
SEMA3E,0.0
SEMA3G,0.0
SEMA6A,0.0
SCN7A,0.0
SERPINA6,0.0
SERPINB10,0.0
SERPINB2,0.0
SERPINB3,0.0
SERPINB4,0.0
SERPIND1,0.0
SERPINE1,0.0
SERPINE2,0.0
FASLG,0.0
BAALC,0.0
SERTM1,0.0
SFRP1,0.0
SFRP2,0.0
SCT,0.0
SCML4,0.0
C1QTNF3,0.0
S100A7,0.0
C16orf54,0.0
RSPH4A,0.0
RSPO2,0.0
RSPO3,0.0
C11orf97,0.0
RTP1,0.0
S100A12,0.0
FCER1A,0.0
C11orf87,0.0
C11orf53,0.0
S100A3,0.0
BTNL9,0.0
BTNL3,0.0
S100A7A,0.0
BMP8A,0.0
BSN-AS2,0.0
S100B,0.0
BPIFB2,0.0
SAMD3,0.0
BPIFA2,0.0
BPIFA1,0.0
SCARA5,0.0
SCG3,0.0
ENKUR,0.0
SCGB1D2,0.0
FBLN5,0.0
SCGB2A2,0.0
BMX,0.0
RERGL,0.0
PTPN4,0.0
REG4,0.0
CCL15,0.0
CCL1,0.0
PIF1,0.0
PI3,0.0
PI16,0.0
CCL11,0.0
CCL13,0.0
CCL17,0.0
CCDC85A,0.0
PGM5-AS1,0.0
FCN1,0.0
PGF,0.0
CCL19,0.0
CCL20,0.0
PF4,0.0
CCK,0.0
CCDC80,0.0
REG1A,0.0
CCDC152,0.0
CCDC144A,0.0
PLN,0.0
CCDC146,0.0
PLEKHF1,0.0
PLD4,0.0
PLCXD2,0.0
CCDC168,0.0
PIP,0.0
PLAC9,0.0
CCDC170,0.0
PLA2G7,0.0
PLA2G2D,0.0
PLA2G2A,0.0
CCDC178,0.0
CCL21,0.0
PENK,0.0
CCL22,0.0
PARD6G-AS1,0.0
PCDH12,0.0
PCDH10,0.0
PCAT19,0.0
FCRL4,0.0
PATL2,0.0
CCNB1,0.0
PANX3,0.0
CCL23,0.0
PALMD,0.0
PALLD,0.0
PAGE5,0.0
PAGE4,0.0
PAEP,0.0
PADI3,0.0
PCDH17,0.0
CCNA1,0.0
PCOLCE,0.0
PCOLCE2,0.0
PCP4,0.0
PCSK1,0.0
CCL8,0.0
PDCD1,0.0
PDE3B,0.0
PDE4B,0.0
CCL7,0.0
PDGFRB,0.0
PDGFRL,0.0
PDIA2,0.0
FCN3,0.0
CCL26,0.0
PDPN,0.0
CCDC102B,0.0
CBLN1,0.0
CATSPERD,0.0
CA3,0.0
FCGR3B,0.0
RAB27B,0.0
PYHIN1,0.0
PVALB,0.0
PTX3,0.0
FCHO2,0.0
PTPRJ-AS1,0.0
PTGIS,0.0
CA4,0.0
PTPRB,0.0
B3GALT2,0.0
PTPN22,0.0
CACNA1B,0.0
PTN,0.0
RAB42,0.0
C9orf135,0.0
RALGAPA1,0.0
C9orf116,0.0
C7,0.0
RAMP3,0.0
RAPGEF4,0.0
C6orf58,0.0
FCGR2B,0.0
RBFOX1,0.0
RBM38,0.0
RBP4,0.0
RBP5,0.0
RBP7,0.0
RCL1,0.0
RDH16,0.0
ENAM,0.0
PTH2,0.0
PTGER2,0.0
PMCH,0.0
POU2F2,0.0
CAPN13,0.0
CAPSL,0.0
PPP1R14A,0.0
CARMN,0.0
PPBP,0.0
POU3F2,0.0
POTEF,0.0
PTGDS,0.0
CASC1,0.0
CASP14,0.0
PODXL,0.0
PODN,0.0
CASP5,0.0
FCMR,0.0
PRELP,0.0
PRF1,0.0
PRG4,0.0
CAMP,0.0
PRND,0.0
PROK2,0.0
PROX1,0.0
PRPF4B,0.0
PRR11,0.0
PRRX1,0.0
PRSS1,0.0
PRSS2,0.0
CALML5,0.0
PRSS57,0.0
CALCRL,0.0
CALB2,0.0
PTGDR,0.0
SFRP4,0.0
SLC30A10,0.0
AZU1,0.0
TRAF3IP3,0.0
ADAMDEC1,0.0
TRBC1,0.0
TRAV8-5,0.0
TRAV8-2,0.0
TRAV6,0.0
TRAV14DV4,0.0
TRAT1,0.0
TPX2,0.0
EPO,0.0
TPSG1,0.0
TPSD1,0.0
F2RL2,0.0
ADAMTS5,0.0
FABP3,0.0
ADAMTS8,0.0
TOX,0.0
TRBV28,0.0
TRBV6-2,0.0
TRDC,0.0
ADAM21,0.0
ACSM6,0.0
ACTA2,0.0
TSC22D1-AS1,0.0
ACTG2,0.0
ACY3,0.0
TRIM63,0.0
TRIM55,0.0
TRH,0.0
TRGV9,0.0
TRGV4,0.0
TRGV10,0.0
ADAM19,0.0
TRGC1,0.0
TREML1,0.0
TREM2,0.0
TOP2A,0.0
TNNT3,0.0
ADRB1,0.0
TMEM108-AS1,0.0
ADGRL2,0.0
TMEM40,0.0
TMEM233,0.0
TMEM200C,0.0
TMEM190,0.0
TMEM151B,0.0
TMEM14EP,0.0
TMEM100,0.0
TNNT2,0.0
ADH1B,0.0
ADH1C,0.0
TM4SF18,0.0
ADH4,0.0
TKTL1,0.0
TK1,0.0
TINAGL1,0.0
TMIGD2,0.0
TMIGD3,0.0
TMSB15A,0.0
ADGRG3,0.0
ADCYAP1,0.0
TNIP3,0.0
TNFSF9,0.0
TNFSF8,0.0
TNFSF15,0.0
EPHA5,0.0
FABP7,0.0
TNFRSF9,0.0
TNFRSF4,0.0
TNFRSF25,0.0
TNFRSF18,0.0
TNFRSF13C,0.0
TNFRSF13B,0.0
TNFAIP6,0.0
TNF,0.0
ACRBP,0.0
TSPAN19,0.0
TSPAN7,0.0
WISP2,0.0
AC012368.1,0.0
XIRP1,0.0
XCL2,0.0
XCL1,0.0
XAGE2,0.0
ESCO2,0.0
WNT5A,0.0
AC016831.7,0.0
ACKR1,0.0
ESM1,0.0
AC017002.1,0.0
WFDC1,0.0
WDR90,0.0
WDR60,0.0
WDR38,0.0
WDFY4,0.0
ZAP70,0.0
AC010761.6,0.0
ZBED2,0.0
ZBTB32,0.0
ZPLD1,0.0
ZNF80,0.0
ZNF732,0.0
ZNF716,0.0
ZNF683,0.0
ABCA8,0.0
ZNF486,0.0
ZNF252P-AS1,0.0
ZNF114,0.0
ABCB1,0.0
ERC2,0.0
ZFHX4,0.0
AC004158.1,0.0
AC007365.1,0.0
AC009495.3,0.0
VWF,0.0
EPYC,0.0
VSTM1,0.0
ULBP1,0.0
UBE2S,0.0
UBE2C,0.0
EXOC3L2,0.0
F13A1,0.0
AC135050.5,0.0
TXK,0.0
TULP2,0.0
TUBB2B,0.0
TUBB1,0.0
AC144450.1,0.0
F2R,0.0
ACE,0.0
TTK,0.0
TTC38,0.0
TSPYL2,0.0
UGT2B15,0.0
UPK1B,0.0
VSIG4,0.0
AC133644.2,0.0
VPS13A-AS1,0.0
VPREB3,0.0
VNN2,0.0
VIPR2,0.0
VIPR1-AS1,0.0
VIPR1,0.0
AC019117.2,0.0
AC064834.1,0.0
AC092484.1,0.0
AC098828.2,0.0
VCAM1,0.0
UTS2,0.0
AC099342.1,0.0
AC104695.4,0.0
UPK3B,0.0
ADM,0.0
TIGIT,0.0
AVP,0.0
SLURP1,0.0
SMOC2,0.0
SMIM24,0.0
APLN,0.0
APLNR,0.0
APOBEC3A,0.0
APOBEC3D,0.0
SMAP2,0.0
APOBEC3H,0.0
SLC8A1-AS1,0.0
SLN,0.0
FAM216B,0.0
SLITRK6,0.0
SLIT2,0.0
APOD,0.0
SLFN12L,0.0
SLCO2A1,0.0
SMPD3,0.0
APBA2,0.0
AP000769.1,0.0
SOCS1,0.0
SPAG6,0.0
SPAG17,0.0
FAM167B,0.0
SOX7,0.0
ANKRD66,0.0
SOX21-AS1,0.0
SOX18,0.0
SOX17,0.0
SOWAHB,0.0
SOSTDC1,0.0
SOST,0.0
SOD3,0.0
ENPP2,0.0
FAM186A,0.0
AOC3,0.0
FAM3D,0.0
SLC7A10,0.0
TIE1,0.0
SIGLEC6,0.0
SLA2,0.0
ASPM,0.0
SKAP1,0.0
SIT1,0.0
SIRT3,0.0
SIRPG,0.0
SIM2,0.0
SH2D2A,0.0
SLC6A4,0.0
SH2D1B,0.0
SH2D1A,0.0
ASPN,0.0
FAM92B,0.0
ATG2A,0.0
ATP6V1B1,0.0
AURKA,0.0
FAM83D,0.0
SLAMF9,0.0
SLC10A2,0.0
ASCL2,0.0
FAM43A,0.0
SLC6A1,0.0
SLC5A9,0.0
SLC4A10,0.0
SLC45A3,0.0
ARC,0.0
ARHGAP9,0.0
ARHGDIG,0.0
PACRG,0.0
SLC2A6,0.0
ARID5A,0.0
SLC26A4,0.0
SLC18A2,0.0
ASB14,0.0
SLC14A1,0.0
ANKRD36B,0.0
SPATA22,0.0
ANKRD34B,0.0
TBX2,0.0
TCL1A,0.0
TCHH,0.0
AKR1C2,0.0
TCF21,0.0
AKR1C3,0.0
TBX3,0.0
TBX21,0.0
AL645728.1,0.0
SPDYE5,0.0
ALB,0.0
TAGAP,0.0
EOMES,0.0
ALDH3A1,0.0
SYTL3,0.0
SYTL2,0.0
SYT1,0.0
TCN1,0.0
TDO2,0.0
TEK,0.0
TEKT1,0.0
THY1,0.0
THSD7A,0.0
FAM107A,0.0
THEMIS,0.0
THBS2,0.0
AF131215.6,0.0
AGRP,0.0
AK5,0.0
TGFB2-AS1,0.0
AKAP14,0.0
FAM111B,0.0
TFF1,0.0
TET2-AS1,0.0
TEPP,0.0
TEKT2,0.0
SYCP2,0.0
SVOPL,0.0
FAM162B,0.0
SPTSSB,0.0
SPRR3,0.0
SPRR2E,0.0
SPRR2D,0.0
SPRR2A,0.0
SPRR1A,0.0
ANGPTL4,0.0
ANKRD1,0.0
ANKRD20A4,0.0
SPINK6,0.0
ANKRD22,0.0
SPINK2,0.0
SPINK13,0.0
SPINK1,0.0
SPIB,0.0
FAM166B,0.0
SPRY1,0.0
SRGAP3-AS2,0.0
SULT1C4,0.0
SRPX,0.0
SULF1,0.0
STXBP6,0.0
ALPPL2,0.0
STOML3,0.0
ALX3,0.0
STMN2,0.0
AMER2,0.0
AMTN,0.0
ANGPT2,0.0
STATH,0.0
STAG3,0.0
STAB1,0.0
ST8SIA6,0.0
SSTR1,0.0
SRRM4,0.0
PADI1,0.0
NPW,0.0
P2RY8,0.0
IGHV4-61,0.0
IGKV1-27,0.0
IGKV1-16,0.0
IGKV1-13,0.0
IGKV1-12,0.0
CTCFL,0.0
IGHV6-1,0.0
IGHV5-51,0.0
IGHV4-59,0.0
CXCL5,0.0
IGHV4-4,0.0
IGHV4-39,0.0
IGHV4-34,0.0
IGHV4-31,0.0
IGHV3-74,0.0
IGHV3-73,0.0
IGHV3-7,0.0
IGKV1-5,0.0
IGKV1-6,0.0
IGKV1-9,0.0
IGKV2-29,0.0
IGLV1-44,0.0
IGLV1-40,0.0
IGLV1-36,0.0
IGLL5,0.0
CST4,0.0
IGLC6,0.0
CST5,0.0
CTAGE5,0.0
IGKV4-1,0.0
IGKV3D-20,0.0
IGKV3-20,0.0
IGKV3-15,0.0
IGKV3-11,0.0
IGKV2D-29,0.0
IGKV2-30,0.0
IGHV3-49,0.0
IGHV3-48,0.0
IGHV3-43,0.0
EGR2,0.0
IGHD,0.0
CTSK,0.0
FXYD1,0.0
IGFL3,0.0
IGFL2,0.0
CTSW,0.0
FXYD7,0.0
CX3CR1,0.0
CXCL10,0.0
CXCL11,0.0
IGF2,0.0
IGF1,0.0
CXCL12,0.0
IFNL2,0.0
IFNL1,0.0
IGHE,0.0
IGHG2,0.0
IGHV3-33,0.0
CTSG,0.0
IGHV3-30,0.0
IGHV3-23,0.0
IGHV3-21,0.0
IGHV3-20,0.0
IGHV3-15,0.0
IGHV2-5,0.0
IGHV1-69,0.0
IGHV1-46,0.0
IGHV1-3,0.0
IGHV1-24,0.0
IGHV1-2,0.0
IGHV1-18,0.0
CTLA4,0.0
IGHGP,0.0
CTNNAL1,0.0
IGLV1-47,0.0
IGLV1-51,0.0
IGLV2-11,0.0
CSF2,0.0
ISLR,0.0
CSF3,0.0
IRF9,0.0
IRF8,0.0
IRF4,0.0
CSMD3,0.0
INSL4,0.0
INMT,0.0
INHBA,0.0
IMPG2,0.0
AARD,0.0
IL6,0.0
IL4I1,0.0
IL37,0.0
IL33,0.0
ITCH-AS1,0.0
ITGA2,0.0
IL2RA,0.0
ITGA2B,0.0
KCNK17,0.0
KCNA4,0.0
JMJD6,0.0
CRISP3,0.0
JAM2,0.0
JAKMIP1,0.0
FOXS1,0.0
FRZB,0.0
CRLF1,0.0
CRTAM,0.0
ITGBL1,0.0
ITGB7,0.0
FST,0.0
CRYAB,0.0
CSF1,0.0
EGR4,0.0
IL26,0.0
IGLV2-14,0.0
IGLV7-43,0.0
IGLV5-52,0.0
IGLV5-45,0.0
IGLV4-69,0.0
IGLV4-60,0.0
IGLV3-9,0.0
IGLV3-27,0.0
IGLV3-25,0.0
IGLV3-21,0.0
IGLV3-19,0.0
IGLV3-16,0.0
IGLV3-10,0.0
IGLV3-1,0.0
IGLV2-8,0.0
IGLV2-23,0.0
IGLV2-18,0.0
IGLV6-57,0.0
IGLV7-46,0.0
IL24,0.0
IGLV8-61,0.0
IL23A,0.0
IL22RA2,0.0
IL21,0.0
IL20,0.0
CSRP2,0.0
IL1RL1,0.0
IL1R2,0.0
CST1,0.0
IL18RAP,0.0
IL17A,0.0
IL12B,0.0
IL10,0.0
IKZF3,0.0
CST2,0.0
IGLVI-70,0.0
IFNG,0.0
GABRB2,0.0
KCTD19,0.0
DPT,0.0
DNASE1L3,0.0
GRP,0.0
GRM8,0.0
GRID2IP,0.0
GREM1,0.0
GRAP2,0.0
GAS1,0.0
DRAIC,0.0
IFIT2,0.0
GPR82,0.0
GPR42,0.0
GPR22,0.0
DRC1,0.0
GPR18,0.0
GPR174,0.0
GPR171,0.0
GSTA2,0.0
GSTM3,0.0
GTF3C1,0.0
GTSE1,0.0
HBQ1,0.0
HBG2,0.0
HBD,0.0
DMRT1,0.0
DMRTA2,0.0
HBA1,0.0
HAS2,0.0
HAS1,0.0
HAPLN1,0.0
HAMP,0.0
DNAH12,0.0
GZMK,0.0
GZMH,0.0
DNAJC12,0.0
GTSF1,0.0
GPR146,0.0
DSCAM-AS1,0.0
GPM6B,0.0
GJA4,0.0
GIMAP8,0.0
ECSCR,0.0
GIMAP5,0.0
GHRH,0.0
GGTLC2,0.0
EDN2,0.0
GGT6,0.0
GFOD1,0.0
GFI1B,0.0
EFCAB10,0.0
GDF5,0.0
GDF10,0.0
GCSAML,0.0
GBP5,0.0
GATA2,0.0
EBI3,0.0
GJA5,0.0
GPM6A,0.0
GJB2,0.0
GPIHBP1,0.0
GPC3,0.0
DSG3,0.0
DTHD1,0.0
GNG4,0.0
DUOXA2,0.0
DUSP10,0.0
GMDS,0.0
GLYATL2,0.0
GLRA3,0.0
DUSP4,0.0
DYDC2,0.0
DYNLRB2,0.0
GJC1,0.0
GJB6,0.0
HCAR3,0.0
HCN1,0.0
HDAC4,0.0
HSPB6,0.0
DBET,0.0
HS3ST4,0.0
HS3ST2,0.0
HRH2,0.0
HRCT1,0.0
HRASLS2,0.0
HPN-AS1,0.0
HPGDS,0.0
DDR2,0.0
DDX11,0.0
HOXA9,0.0
HOXA11,0.0
DEFA3,0.0
HMMR,0.0
DEFB4A,0.0
HSH2D,0.0
DACH1,0.0
DHRS2,0.0
HTRA3,0.0
CXCL6,0.0
CXCL9,0.0
CXCR3,0.0
CXCR6,0.0
CXorf36,0.0
CYP26A1,0.0
CYP26B1,0.0
GABRP,0.0
IDO1,0.0
CYP3A5,0.0
CYTL1,0.0
ICOS,0.0
ICA1,0.0
IBSP,0.0
CYYR1,0.0
DES,0.0
EGLN3,0.0
HDC,0.0
HIST1H1E,0.0
DLGAP5,0.0
HIST1H1B,0.0
HIST1H1A,0.0
HILPDA,0.0
HIGD1B,0.0
HIF3A,0.0
HIF1A-AS2,0.0
HHIP,0.0
HGF,0.0
HEY1,0.0
GAPT,0.0
DLK1,0.0
DLX3,0.0
HELT,0.0
DLX5,0.0
HIST1H1D,0.0
DLGAP1-AS4,0.0
DIO2,0.0
DKK3,0.0
HLA-DQB2,0.0
DIRC3,0.0
HIST4H4,0.0
HIST1H4F,0.0
DKK1,0.0
HIST1H4B,0.0
HIST1H3E,0.0
HIST1H3C,0.0
HIST1H3A,0.0
HIST1H2BH,0.0
GAL,0.0
DKK2,0.0
HIST1H2BB,0.0
HIST1H2AJ,0.0
HIST1H2AH,0.0
KCNK3,0.0
CRHR2,0.0
P2RY14,0.0
MSMB,0.0
MT1H,0.0
MT1G,0.0
EMILIN1,0.0
MT1A,0.0
EMCN,0.0
CD96,0.0
CDC20,0.0
CDC20B,0.0
MATN3,0.0
CDH11,0.0
CDH13,0.0
CDH5,0.0
MS4A2,0.0
CDHR3,0.0
MS4A1,0.0
MRPS31,0.0
MT1M,0.0
FILIP1L,0.0
FIBIN,0.0
CD8B,0.0
MYO16-AS1,0.0
FGFR4,0.0
EMX2,0.0
MYH11,0.0
MYH10,0.0
MYCT1,0.0
CD84,0.0
MYBPC2,0.0
MYBL1,0.0
MXRA8,0.0
MXRA5,0.0
MUCL1,0.0
MUC5B,0.0
MUC5AC,0.0
MUC13,0.0
CDK15,0.0
MMRN2,0.0
MMRN1,0.0
CENPE,0.0
CENPU,0.0
FLT1,0.0
CEP55,0.0
FMO2,0.0
MFAP5,0.0
MFAP4,0.0
METTL24,0.0
MEPE,0.0
MEIS1-AS2,0.0
MEI4,0.0
CERKL,0.0
MED4-AS1,0.0
CERS3,0.0
CES3,0.0
CFAP73,0.0
CENPF,0.0
MIR155HG,0.0
MMP9,0.0
MIR3142HG,0.0
CDO1,0.0
MMP3,0.0
MMP23B,0.0
MMP2,0.0
MMP13,0.0
MMP12,0.0
MMP11,0.0
MMP10,0.0
MMP1,0.0
MLC1,0.0
MLANA,0.0
MKI67,0.0
MIRLET7DHG,0.0
MIR4435-2HG,0.0
MIR3945HG,0.0
CD79B,0.0
MYRF,0.0
MYZAP,0.0
NUSAP1,0.0
NUDT11,0.0
FCRLA,0.0
CCR7,0.0
NTRK2,0.0
NTM,0.0
CCR8,0.0
NRK,0.0
CD160,0.0
NRCAM,0.0
NR2F1,0.0
NR2E1,0.0
NPR3,0.0
CD1A,0.0
CD1B,0.0
NOX5,0.0
CCR6,0.0
NXPH2,0.0
NOTCH4,0.0
OASL,0.0
P2RY13,0.0
OTOG,0.0
OTOF,0.0
OSM,0.0
ORM2,0.0
OR51E1,0.0
CCNO,0.0
OLR1,0.0
OLFML3,0.0
OLFM4,0.0
OIT3,0.0
OGN,0.0
OGDHL,0.0
FCRL6,0.0
OBP2B,0.0
NOV,0.0
CD1C,0.0
CD70,0.0
FFAR3,0.0
CD5,0.0
NEB,0.0
NDUFA4L2,0.0
NDRG4,0.0
FGA,0.0
FGB,0.0
NCR3,0.0
NCR1,0.0
FGF1,0.0
NCKAP5,0.0
NCF2,0.0
NCAM1,0.0
NBL1,0.0
NAV2-AS2,0.0
FGF7,0.0
NEFM,0.0
CD300E,0.0
NOSTRIN,0.0
NES,0.0
CD1E,0.0
CD207,0.0
CD22,0.0
CD248,0.0
NLRP3,0.0
FDCSP,0.0
CD300A,0.0
NKD2,0.0
NID2,0.0
NID1,0.0
NFKB1,0.0
FENDRR,0.0
FFAR2,0.0
NEXN,0.0
NEUROG2,0.0
MB,0.0
MATK,0.0
KDR,0.0
KRTAP2-3,0.0
LAMA4,0.0
LAMA3,0.0
LAMA2,0.0
COL15A1,0.0
L2HGDH,0.0
KRTDAP,0.0
KRTAP3-1,0.0
KRT86,0.0
CGA,0.0
KRT81,0.0
COL18A1,0.0
COL2A1,0.0
KRT6C,0.0
KRT6B,0.0
COL4A2-AS2,0.0
KRT5,0.0
COL14A1,0.0
COL11A1,0.0
COL10A1,0.0
LAMC3,0.0
LGI4,0.0
LGALS9B,0.0
CMA1,0.0
LGALS2,0.0
LEPR,0.0
LEP,0.0
LEO1,0.0
CNGB1,0.0
LDB2,0.0
LCN6,0.0
CNN1,0.0
LBH,0.0
LAYN,0.0
FOXP1-AS1,0.0
LAT,0.0
COL5A1,0.0
KRT20,0.0
KRT2,0.0
KLK13,0.0
COX7A1,0.0
FOXP3,0.0
KLK1,0.0
CPNE5,0.0
CPNE7,0.0
KIT,0.0
KIR3DL1,0.0
KIR2DL4,0.0
KIR2DL3,0.0
KIR2DL1,0.0
CPS1,0.0
KIF19,0.0
KIF14,0.0
CPVL,0.0
KHDRBS2,0.0
KLK12,0.0
KLK5,0.0
COL5A2,0.0
KLK6,0.0
COL5A3,0.0
COL6A5,0.0
COL8A1,0.0
COMP,0.0
KRT14,0.0
KRT13,0.0
KRT1,0.0
KPNA2,0.0
KNG1,0.0
KLRG1,0.0
KLRF1,0.0
KLRC2,0.0
KLRC1,0.0
COX4I2,0.0
KLK7,0.0
CLSPN,0.0
CLNK,0.0
LILRA4,0.0
MAB21L1,0.0
LYPD2,0.0
LYNX1,0.0
LY9,0.0
LY6H,0.0
CHST2,0.0
CHST9,0.0
CILP,0.0
CLC,0.0
LTBP1,0.0
CLCA2,0.0
LTA,0.0
CLDN5,0.0
LRRN3,0.0
CLEC10A,0.0
CLEC14A,0.0
LYVE1,0.0
CHRDL1,0.0
LRRC39,0.0
FOLR3,0.0
ELN,0.0
CH25H,0.0
MARCH1,0.0
ELANE,0.0
MAP1B,0.0
MAOB,0.0
MAMDC2,0.0
CHGB,0.0
CHIT1,0.0
MAL,0.0
CHN1,0.0
FOLR2,0.0
MAGEA10,0.0
MAGEA1,0.0
MAG,0.0
LRRC46,0.0
CLEC1B,0.0
LILRB1,0.0
LINC01468,0.0
LINC01347,0.0
LINC01290,0.0
LINC01143,0.0
LINC01133,0.0
LINC01115,0.0
LINC00926,0.0
LINC00871,0.0
LINC00861,0.0
LINC00638,0.0
LINC00589,0.0
LINC00534,0.0
LINC00383,0.0
LINC00309,0.0
CLLU1OS,0.0
LIM2,0.0
LINC01436,0.0
LINC01480,0.0
LRRC32,0.0
LINC01482,0.0
LRRC2,0.0
LRRC17,0.0
LRMP,0.0
FOXF1,0.0
CLEC4E,0.0
CLEC5A,0.0
LMOD1,0.0
CLEC9A,0.0
FOXJ1,0.0
LMNB1,0.0
LMCD1,0.0
LINC01583,0.0
LINC01560,0.0
LINC01545,0.0
LINC01485,0.0
MYLK,0.0
